{"stats":{"minecraft:used":{"minecraft:redstone_torch":17,"minecraft:lever":34,"minecraft:redstone_lamp":36,"minecraft:repeater":59,"minecraft:lime_concrete":55,"minecraft:light_blue_concrete":49,"minecraft:orange_concrete":227,"minecraft:red_concrete":81,"minecraft:redstone":332,"minecraft:yellow_concrete":83,"minecraft:oak_sign":21,"minecraft:sandstone":104,"minecraft:redstone_block":6},"minecraft:picked_up":{"minecraft:sandstone":1,"minecraft:lever":4,"minecraft:redstone_torch":2,"minecraft:redstone":19},"minecraft:custom":{"minecraft:time_since_rest":46903,"minecraft:play_one_minute":46903,"minecraft:crouch_one_cm":3303,"minecraft:sprint_one_cm":8326,"minecraft:walk_one_cm":165128,"minecraft:sneak_time":1402,"minecraft:drop":1,"minecraft:jump":95,"minecraft:leave_game":2,"minecraft:time_since_death":46903,"minecraft:fly_one_cm":244225},"minecraft:dropped":{"minecraft:sandstone":1}},"DataVersion":1976}